date;28;01;2026,,,,,,,,,date;01;02;2026,,,,,,
,,,,,,,,,,,,,,,
Sample ,PH ,TDS (ppt),Salinity(ppt),Temperature,DO (mg/L),Conductivity (mS),,,under IMTA,,,,under monoculture,,
Site 1    R1,8.33,17.36,21.83,25.8,5.696,25.5,,,sea cucumber ,Weight (g),Length(cm),,sea cucumber ,weight (g),Length(cm)
               R2,8.35,17.28,21.71,25.6,8.192,25.4,,,1,364,17,,1,520,20
               R3,8.37,17.33,21.78,25.6,7.36,25.5,,,2,288,16.5,,2,396,17.5
Site 2    R1,8.36,17.31,21.74,25.9,6.944,25.5,,,3,421,19.5,,3,241,14
               R2,8.38,17.32,21.77,25.9,7.36,25.5,,,4,307,16.5,,4,294,14
               R3,8.37,17.31,21.76,25.9,8.608,25.4,,,Mean ,345,17.375,,5,372,18
,,,,,,,,,SD,60.08327554,1.436140662,,Mean ,364.6,16.7
,,,,,,,,,,,,,SD,106.5964352,2.636285265