week 2 ,,,,,,,,,,,,,,,,,,,,,,,,,,,,,,,,,,,,,,,,,,,,,,,,,,,,,,,,
Water quality ,,,,,,,,,,,,,,,,,,,,,,,,,,,,,,,,,,,,,,,,,,,,,,,,,,,,,,,,
Sample ,PH,TDS (ppt),Salinity (ppt),Temperature,DO(mg/l) winkler,Conductivity (mS),,,,,,,,,,,,,,,,,,,,,,,,,,,Nitrite,,,,,,,,,,,,,,,,,Treatment ,PH,Salinity ,Temperature,DO,Conductivity,TDS
Site 1  R 1,8.13,16.58,20.74,27.9,6.32,24.4,,,,,,,,,,,,PH,,,,,,,,,,,,,,,,IMTA,Monoculture,,,,,,,,,,,,,,,IMTA,8.23+-0.08,,,,,
               R2,8.17,16.42,20.55,28.4,5.70,24.3,,,,,,,,,,,,,IMTA,Monoculture,,,,,,,,,,,,,3,57.33,62,,,,,,,,,,,,,,,Monoculture,,,,,,
               R3,8.28,16.54,20.69,28.3,5.69,24.3,,,,,,,,,,,,1,8.19,8.15,,,,,,,,,,,,,7,49.67,49,,,,,,,,,,,,,,,Overall range ,,,,,,
Mean ,8.19,16.51,20.66,28.2,5.90,24.33,,,,,,,,,,,,,,,,,,,,,,,,,,,,,,,,,,,,,,,,,,,,,,,,,,
SD,0.08,0.08,0.10,0.26,0.36,0.06,,,,,,,,,,,,2,8.2,8.23,,,,,,,,,,,,,,,,,,,,,,,,,,,,,,,,,,,,
,,,,,,,,,,,,,,,,,,,,,,,,,,,,,,,,,,,,,,,,,,,,,,,,,,,,,,,s,
Site 2  R 1,8.11,16.46,20.57,29.3,4.06,24.2,,,,,,,,,,,,3,8.35,8.37,,,,,,,,,,,,,,,,,,,,,,,,,,,,,,,,,,,,
               R2 ,8.20,16.47,20.59,28.8,4.48,24.2,,,,,,,,,,,,,,,,,,,,,,,,,,,,,,,,,,,,,,,,,,,,,,,,,,
               R3,8.15,16.6,20.77,27.9,6.11,24.4,,,,,,,,,,,,4,8.12,8.23,,,,,,,,,,,,,,,,,,,,,,,,,,,,,,,,,,,,
Mean ,8.15,16.51,20.64,28.67,4.89,24.27,,,,,,,,,,,,,,,,,,,,,,,,,,,,,,,,,,,,,,,,,,,,,,,,,,
SD,0.05,0.08,0.11,0.71,1.08,0.12,,,,,,,,,,,,5,8.22,8.24,,,,,,,,,,,,,,,,,,,,,,,,,,,,,,,,,,,,
,,,,,,,,,,,,,,,,,,,,,,,,,,,,,,,,,,,,,,,,,,,,,,,,,,,,,,,,
,,,,,,,,,,,,,,,,,,,,,,,,,,,,,,,,,,,,,,,,,,,,,,,,,,,,,,,,
,,,,,,,,,,,,,,,,,,,,,,,,,,,,,,,,,,,,,,,,,,,,,,,,,,,,,,,,
,,,,,,,,,,,,,,,,,,,,,,,,,,,,,,,,,,,,,,,,,,,,,,,,,,,,,,,,
week 3 ,,,,,,,,,N/P,,,,,,,,,,,,,,,,,,,,,,,,Sodium Nitrite,,,,,,,,,,,,,,,,,,,,,,,
water quality ,,,,,,,,,sample ,NO2-(µg/L),NANO2(µg/L),NO2--N(µg/L),P2O5(µg/L),P(µg/L),PO43-(µg/L),,,,,,,,,,,,,,,,,,,IMTA,Monoculture,,,,,,,,,,,,,,,,,,,,,
Sample ,PH,TDS (ppt),Salinity (ppt),Temperature,DO(mg/l) probe ,Conductivity (mS),,,Site 1      R1,63,94,19,53,23,71,,,TDS,,,,,,,,,,,,,,,3,86,105,,,,,,,,,,,,,,,,,,,,,
Site 1    R1,8.2,18.17,22.94,26.3,6.994,26.7,,,                   R2     ,54,81,16,131,57,176,,,,IMTA,Monoculture,,,,,,,,,,,,,7,74,73.33,,,,,,,,,,,,,,,,,,,,,
                 R2,8.24,18.1,22.87,26.5,8.192,26.6,,,                   R3,55,83,17,9,4,12,,,1,16.51,16.51,,,,,,,,,,,,,,,,,,,,,,,,,,,,,,,,,,,,
                 R3,8.16,18.13,22.9,26.3,8.192,26.7,,,Mean,57.33,86,17.33,64.33,28,86.33,,,,,,,,,,,,,,,,,,,,,,,,,,,,,,,,,,,,,,,,,
Mean,8.20,18.13,22.90,26.37,7.79,26.67,,,SD,4.93,7,1.53,61.78,26.85,83.07,,,2,18.13,18.58,,,,,,,,,,,,,,,,,,,,,,,,,,,,,,,,,,,,
SD,0.04,0.04,0.035,0.12,0.69,0.06,,,,,,,,,,,,,,,,,,,,,,,,,,,,,,,,,,,,,,,,,,,,,,,,,,
,,,,,,,,,Site 2      R1,46,-,-,113,49,151,,,3,17.32,17.31,,,,,,,,,,,,,,,,,,,,,,,,,,,,,,,,,,,,
Site 2    R1,8.25,18.13,22.91,26.6,10.27,26.7,,,                   R2     ,68,102,21,48,21,64,,,,,,,,,,,,,,,,,,,,,,,,,,,,,,,,,,,,,,,,,
                 R2,8.22,19.61,24.97,26.6,7.36,28.8,,,                   R3,72,108,22,60,26,80,,,4,16.66,16.99,,,,,,,,,,,,,,,,,,,,,,,,,,,,,,,,,,,,
                 R3,8.23,17.99,22.7,26.6,6.52,26.5,,,Mean ,62,105,21.5,73.67,32,98.33,,,,,,,,,,,,,,,,,,,,,,,,,,,,,,,,,,,,,,,,,
Mean,8.23,18.58,23.53,26.6,8.05,27.33,,,SD,14,4.24,0.71,34.59,14.93,46.31,,,5,18.18,18.93,,,,,,,,,,,,,,,,,,,,,,,,,,,,,,,,,,,,
SD,0.02,0.90,1.25,4.351E-15,1.97,1.27,,,,,,,,,,,,,,,,,,,,,,,,,,,,,,,,,,,,,,,,,,,,,,,,,,
,,,,,,,,,,,,,,,,,,,,,,,,,,,,,,,,,,,,,,,,,,,,,,,,,,,,,,,,
,,,,,,,,,,,,,,,,,,,,,,,,,,,,,,,,,Nitrite Nitrogen,,,,,,,,,,,,,,,,,,,,,,,
,,,,,,,,,,,,,,,,,,,,,,,,,,,,,,,,,,IMTA,Monoculture,,,,,,,,,,,,,,,,,,,,,
,,,,,,,,,,,,,,,,,,,,,,,,,,,,,,,,,3,17.33,21.5,,,,,,,,,,,,,,,,,,,,,
,,,,,,,,,,,,,,,,,,,,,,,,,,,,,,,,,7,15,15,,,,,,,,,,,,,,,,,,,,,
week 4,,,,,,,,,,,,,,,,,,,,,,,,,,,,,,,,,,,,,,,,,,,,,,,,,,,,,,,,
water quality ,,,,,,,,,,,,,,,,,,,,,,,,,,,,,,,,,,,,,,,,,,,,,,,,,,,,,,,,
Sample ,PH ,TDS (ppt),Salinity(ppt),Temperature,DO (mg/L),Conductivity (mS),,,,,,,,,,,,Salinity,,,,,,,,,,,,,,,,,,,,,,,,,,,,,,,,,,,,,,
Site 1    R1,8.33,17.36,21.83,25.8,5.696,25.5,,,,,,,,,,,,,IMTA,Monoculture,,,,,,,,,,,,,,,,,,,,,,,,,,,,,,,,,,,,
               R2,8.35,17.28,21.71,25.6,8.192,25.4,,,,,,,,,,,,1,20.66,20.64,,,,,,,,,,,,,,,,,,,,,,,,,,,,,,,,,,,,
               R3,8.37,17.33,21.78,25.6,7.36,25.5,,,,,,,,,,,,2,22.9,23.53,,,,,,,,,,,,,,,,,,,,,,,,,,,,,,,,,,,,
Mean,8.35,17.32,21.77,25.67,7.08,25.47,,,,,,,,,,,,3,21.77,21.76,,,,,,,,,,,,,,,,,,,,,,,,,,,,,,,,,,,,
SD,0.02,0.04,0.06,0.12,1.27,0.06,,,,,,,,,,,,4,20.94,21.34,,,,,,,,,,,,,,,,,,,,,,,,,,,,,,,,,,,,
,,,,,,,,,,,,,,,,,,5,23,24.02,,,,,,,,,,,,,,,,,,,,,,,,,,,,,,,,,,,,
Site 2    R1,8.36,17.31,21.74,25.9,6.944,25.5,,,,,,,,,,,,,,,,,,,,,,,,,,,,,,,,,,,,,,,,,,,,,,,,,,
               R2,8.38,17.32,21.77,25.9,7.36,25.5,,,,,,,,,,,,,,,,,,,,,,,,,,,,,,,,,,,,,,,,,,,,,,,,,,
               R3,8.37,17.31,21.76,25.9,8.608,25.4,,,,,,,,,,,,,,,,,,,,,,,,,,,,,,,,,,,,,,,,,,,,,,,,,,
Mean,8.37,17.31,21.76,25.9,7.64,25.47,,,,,,,,,,,,,,,,,,,,,,,,,,,,,,,,,,,,,,,,,,,,,,,,,,
SD,0.01,0.01,0.02,4.35117E-15,0.87,0.06,,,,,,,,,,,,,,,,,,,,,,,,,,,,,,,,,,,,,,,,,,,,,,,,,,
,,,,,,,,,,,,,,,,,,,,,,,,,,,,,,,,,Phosphorus Pentoxide,,,,,,,,,,,,,,,,,,,,,,,
,,,,,,,,,,,,,,,,,,,,,,,,,,,,,,,,,,IMTA,Monoculture,,,,,,,,,,,,,,,,,,,,,
,,,,,,,,,,,,,,,,,,,,,,,,,,,,,,,,,3,64.33,73.67,,,,,,,,,,,,,,,,,,,,,
,,,,,,,,,,,,,,,,,,Temperature,,,,,,,,,,,,,,,7,95.33,53,,,,,,,,,,,,,,,,,,,,,
week 5,,,,,,,,,,,,,,,,,,,IMTA,Monoculture,,,,,,,,,,,,,,,,,,,,,,,,,,,,,,,,,,,,
Water quality ,,,,,,,,,,,,,,,,,,1,28.2,28.67,,,,,,,,,,,,,,,,,,,,,,,,,,,,,,,,,,,,
Sample ,PH,TDS (ppt),Salinity (ppt),Temperature,DO(mg/l) winkler,Conductivity (mS),,,,,,,,,,,,2,26.37,26.6,,,,,,,,,,,,,,,,,,,,,,,,,,,,,,,,,,,,
Site 1  R 1,8.12,16.49,20.76,28.3,5.696,23.9,,,,,,,,,,,,3,25.67,25.9,,,,,,,,,,,,,,,,,,,,,,,,,,,,,,,,,,,,
               R2,8.11,16.7,20.98,28.2,8.469,24.5,,,,,,,,,,,,4,28.23,28.1,,,,,,,,,,,,,,,,,,,,,,,,,,,,,,,,,,,,
               R3,8.14,16.79,21.07,28.2,7.498,24.6,,,,,,,,,,,,5,28.1,28.1,,,,,,,,,,,,,,,,,,,,,,,,,,,,,,,,,,,,
Mean,8.12,16.66,20.94,28.23,7.22,24.33,,,,,,,,,,,,,,,,,,,,,,,,,,,,,,,,,,,,,,,,,,,,,,,,,,
SD,0.02,0.15,0.16,0.06,1.41,0.38,,,,,,,,,,,,,,,,,,,,,,,,,,,,,,,,,,,,,,,,,,,,,,,,,,
,,,,,,,,,,,,,,,,,,,,,,,,,,,,,,,,,,,,,,,,,,,,,,,,,,,,,,,,
Site 2  R 1,8.17,16.88,21.2,28.1,7.08,24.8,,,,,,,,,,,,,,,,,,,,,,,,,,,,,,,,,,,,,,,,,,,,,,,,,,
               R2 ,8.21,16.98,21.33,28.1,7.36,25,,,,,,,,,,,,,,,,,,,,,,,,,,,,,,,,,,,,,,,,,,,,,,,,,,
               R3,8.3,17.12,21.5,28.1,8.608,25.2,,,,,,,,,,,,,,,,,,,,,,,,,,,,,,,,,,,,,,,,,,,,,,,,,,
Mean,8.23,16.99,21.34,28.1,7.68,25,,,,,,,,,,,,,,,,,,,,,,,,,,,,,,,,,,,,,,,,,,,,,,,,,,
SD,0.07,0.12,0.15,4.351E-15,0.81,0.2,,,,,,,,,,,,,,,,,,,,,,,,,,,,,,,,,,,,,,,,,,,,,,,,,,
,,,,,,,,,,,,,,,,,,,,,,,,,,,,,,,,,,,,,,,,,,,,,,,,,,,,,,,,
,,,,,,,,,,,,,,,,,,DO,,,,,,,,,,,,,,,,,,,,,,,,,,,,,,,,,,,,,,
,,,,,,,,,,,,,,,,,,,IMTA,Monoculture,,,,,,,,,,,,,,,,,,,,,,,,,,,,,,,,,,,,
,,,,,,,,,,,,,,,,,,1,5.9,4.89,,,,,,,,,,,,,Phosphorus,,,,,,,,,,,,,,,,,,,,,,,
week 7,,,,,,,,,N/P,,,,,,,,,2,7.79,8.05,,,,,,,,,,,,,,IMTA,Monoculture,,,,,,,,,,,,,,,,,,,,,
water quality ,,,,,,,,,sample ,NO2-(µg/L),NANO2(µg/L),NO2--N(µg/L),P2O5(µg/L),P(µg/L),PO43-(µg/L),,,3,7.08,7.64,,,,,,,,,,,,,3,28,32,,,,,,,,,,,,,,,,,,,,,
Sample ,PH ,TDS (ppt),Salinity(ppt),Temperature,DO (mg/L),Conductivity (mS),,,Site 1      R1,48,72,15,47,21,63,,,4,7.22,7.68,,,,,,,,,,,,,7,42,22.67,,,,,,,,,,,,,,,,,,,,,
Site 1    R1,8.18,15.8,19.69,28,7.36,23.2,,,                   R2     ,50,76,15,155,68,207,,,5,6.39,5.71,,,,,,,,,,,,,,,,,,,,,,,,,,,,,,,,,,,,
               R2,8.24,21.2,27.23,28.2,5.69,31.2,,,                   R3,51,74,15,84,37,112,,,,,,,,,,,,,,,,,,,,,,,,,,,,,,,,,,,,,,,,,
               R3,8.23,17.54,22.07,28.1,6.112,25.8,,,Mean ,49.67,74,15,95.33,42,127.33,,,,,,,,,,,,,,,,,,,,,,,,,,,,,,,,,,,,,,,,,
Mean,8.22,18.18,23.00,28.1,6.39,26.73,,,SD,1.53,2,0,54.88,23.90,73.21,,,,,,,,,,,,,,,,,,,,,,,,,,,,,,,,,,,,,,,,,
SD,0.03,2.76,3.85,0.1,0.87,4.08,,,,,,,,,,,,,,,,,,,,,,,,,,,,,,,,,,,,,,,,,,,,,,,,,,
,,,,,,,,,Site 2      R1,49,73,15,102,44,136,,,,,,,,,,,,,,,,,,,,,,,,,,,,,,,,,,,,,,,,,
Site 2    R1,8.24,17.7,22.31,28.2,4.48,26.1,,,                   R2     ,52,78,16,22,9,29,,,,,,,,,,,,,,,,,,,,,,,,,,,,,,,,,,,,,,,,,
               R2,8.24,21.3,27.36,28.1,6.523,31.3,,,                   R3,46,69,14,35,15,47,,,,,,,,,,,,,,,,,,,,,,,,,,,,,,,,,,,,,,,,,
               R3,8.23,17.78,22.4,28,6.113,26,,,Mean ,49,73.33,15,53,22.67,70.67,,,,,,,,,,,,,,,,,,,,,,,,,,,,,,,,,,,,,,,,,
Mean,8.24,18.93,24.02,28.1,5.71,27.8,,,SD,3,4.51,1,42.93,18.72,57.29,,,,,,,,,,,,,,,,,,,,,,,,,,,,,,,,,,,,,,,,,
SD,0.01,2.06,2.89,0.1,1.08,3.03,,,,,,,,,,,,,,,,,,,,,,,,,,,,,,,,,,,,,,,,,,,,,,,,,,
,,,,,,,,,,,,,,,,,,Conductivity,,,,,,,,,,,,,,,,,,,,,,,,,,,,,,,,,,,,,,
,,,,,,,,,,,,,,,,,,,IMTA,Monoculture,,,,,,,,,,,,,,,,,,,,,,,,,,,,,,,,,,,,
,,,,,,,,,,,,,,,,,,1,24.33,24.27,,,,,,,,,,,,,,,,,,,,,,,,,,,,,,,,,,,,
,,,,,,,,,,,,,,,,,,2,26.67,27.33,,,,,,,,,,,,,,,,,,,,,,,,,,,,,,,,,,,,
,,,,,,,,,,,,,,,,,,3,25.47,25.47,,,,,,,,,,,,,Phosphate iron ,,,,,,,,,,,,,,,,,,,,,,,
,,,,,,,,,,,,,,,,,,4,24.33,25,,,,,,,,,,,,,,IMTA,Monoculture,,,,,,,,,,,,,,,,,,,,,
,,,,,,,,,,,,,,,,,,5,26.73,27.8,,,,,,,,,,,,,3,86.33,98.33,,,,,,,,,,,,,,,,,,,,,
,,,,,,,,,,,,,,,,,,,,,,,,,,,,,,,,,7,127.33,70.67,,,,,,,,,,,,,,,,,,,,,
,,,,,,,,,,,,,,,,,,,,,,,,,,,,,,,,,,,,,,,,,,,,,,,,,,,,,,,,
,,,,,,,,,,,,,,,,,,,,,,,,,,,,,,,,,,,,,,,,,,,,,,,,,,,,,,,,